<?xml version="1.0" encoding="UTF-8"?>
<project-private xmlns="http://www.netbeans.org/ns/project-private/1">
    <editor-bookmarks xmlns="http://www.netbeans.org/ns/editor-bookmarks/2" lastBookmarkId="0"/>
    <open-files xmlns="http://www.netbeans.org/ns/projectui-open-files/2">
        <group>
            <file>file:/C:/Users/tsets/Downloads/Fire_Fitness-master/Fire_Fitness-master/src/java/shoppingCart/Discount.java</file>
            <file>file:/C:/Users/tsets/Downloads/Fire_Fitness-master/Fire_Fitness-master/src/java/jdbc/ProcessBooking.java</file>
            <file>file:/C:/Users/tsets/Downloads/Fire_Fitness-master/Fire_Fitness-master/src/java/shoppingCart/YogaBooking.java</file>
            <file>file:/C:/Users/tsets/Downloads/Fire_Fitness-master/Fire_Fitness-master/src/java/jdbc/DeleteServlet.java</file>
            <file>file:/C:/Users/tsets/Downloads/Fire_Fitness-master/Fire_Fitness-master/src/java/pack/DeleteAndUpdate.java</file>
            <file>file:/C:/Users/tsets/Downloads/Fire_Fitness-master/Fire_Fitness-master/src/java/jdbc/SportsServlet.java</file>
            <file>file:/C:/Users/tsets/Downloads/Fire_Fitness-master/Fire_Fitness-master/src/java/shoppingCart/RegisterPayment.java</file>
            <file>file:/C:/Users/tsets/Downloads/Fire_Fitness-master/Fire_Fitness-master/src/java/jdbc/Swimming.java</file>
            <file>file:/C:/Users/tsets/Downloads/Fire_Fitness-master/Fire_Fitness-master/build/web/Admin_login.jsp</file>
            <file>file:/C:/Users/tsets/Downloads/Fire_Fitness-master/Fire_Fitness-master/src/java/jdbc/WorkoutHandler.java</file>
            <file>file:/C:/Users/tsets/Downloads/Fire_Fitness-master/Fire_Fitness-master/src/java/shoppingCart/CardioBooking.java</file>
            <file>file:/C:/Users/tsets/Downloads/Fire_Fitness-master/Fire_Fitness-master/src/java/shoppingCart/PaymentConfirmed.java</file>
            <file>file:/C:/Users/tsets/Downloads/Fire_Fitness-master/Fire_Fitness-master/build/web/css/bootstrap.min.css</file>
            <file>file:/C:/Users/tsets/Downloads/Fire_Fitness-master/Fire_Fitness-master/src/java/jdbc/Update.java</file>
            <file>file:/C:/Users/tsets/Downloads/Fire_Fitness-master/Fire_Fitness-master/src/java/jdbc/Forgot.java</file>
            <file>file:/C:/Users/tsets/Downloads/Fire_Fitness-master/Fire_Fitness-master/src/java/jdbc/DeleteSportsBooking.java</file>
            <file>file:/C:/Users/tsets/Downloads/Fire_Fitness-master/Fire_Fitness-master/src/java/pack/Abishaan.java</file>
            <file>file:/C:/Users/tsets/Downloads/Fire_Fitness-master/Fire_Fitness-master/src/java/shoppingCart/SportsReservationTotal.java</file>
            <file>file:/C:/Users/tsets/Downloads/Fire_Fitness-master/Fire_Fitness-master/src/java/jdbc/ProcessTrainer.java</file>
            <file>file:/C:/Users/tsets/Downloads/Fire_Fitness-master/Fire_Fitness-master/src/java/jdbc/GetTimeAndDate.java</file>
            <file>file:/C:/Users/tsets/Downloads/Fire_Fitness-master/Fire_Fitness-master/src/java/jdbc/Physical_Activity.java</file>
            <file>file:/C:/Users/tsets/Downloads/Fire_Fitness-master/Fire_Fitness-master/src/java/shoppingCart/WeightsBooking.java</file>
            <file>file:/C:/Users/tsets/Downloads/Fire_Fitness-master/Fire_Fitness-master/src/java/jdbc/Futsal.java</file>
            <file>file:/C:/Users/tsets/Downloads/Fire_Fitness-master/Fire_Fitness-master/src/java/jdbc/TimeTable.java</file>
            <file>file:/C:/Users/tsets/Downloads/Fire_Fitness-master/Fire_Fitness-master/build/web/login.jsp</file>
            <file>file:/C:/Users/tsets/Downloads/Fire_Fitness-master/Fire_Fitness-master/src/java/pack/LoginServlet.java</file>
            <file>file:/C:/Users/tsets/Downloads/Fire_Fitness-master/Fire_Fitness-master/src/java/jdbc/Sports.java</file>
            <file>file:/C:/Users/tsets/Downloads/Fire_Fitness-master/Fire_Fitness-master/src/java/jdbc/Trainer.java</file>
            <file>file:/C:/Users/tsets/Downloads/Fire_Fitness-master/Fire_Fitness-master/build/web/Abi.jsp</file>
            <file>file:/C:/Users/tsets/Downloads/Fire_Fitness-master/Fire_Fitness-master/src/java/pack/DBConnect.java</file>
            <file>file:/C:/Users/tsets/Downloads/Fire_Fitness-master/Fire_Fitness-master/src/java/jdbc/ProcessTimeAndDate.java</file>
            <file>file:/C:/Users/tsets/Downloads/Fire_Fitness-master/Fire_Fitness-master/src/java/shoppingCart/TotalPayment.java</file>
            <file>file:/C:/Users/tsets/Downloads/Fire_Fitness-master/Fire_Fitness-master/src/java/jdbc/Weights.java</file>
            <file>file:/C:/Users/tsets/Downloads/Fire_Fitness-master/Fire_Fitness-master/src/java/shoppingCart/SwimmingBooking.java</file>
            <file>file:/C:/Users/tsets/Downloads/Fire_Fitness-master/Fire_Fitness-master/src/java/jdbc/AbstractDeleteBooking.java</file>
            <file>file:/C:/Users/tsets/Downloads/Fire_Fitness-master/Fire_Fitness-master/src/java/shoppingCart/Member.java</file>
            <file>file:/C:/Users/tsets/Downloads/Fire_Fitness-master/Fire_Fitness-master/src/java/jdbc/DeleteSportsServlet.java</file>
            <file>file:/C:/Users/tsets/Downloads/Fire_Fitness-master/Fire_Fitness-master/src/java/jdbc/Member.java</file>
            <file>file:/C:/Users/tsets/Downloads/Fire_Fitness-master/Fire_Fitness-master/src/java/shoppingCart/BadmintonBooking.java</file>
            <file>file:/C:/Users/tsets/Downloads/Fire_Fitness-master/Fire_Fitness-master/src/java/shoppingCart/Booking.java</file>
            <file>file:/C:/Users/tsets/Downloads/Fire_Fitness-master/Fire_Fitness-master/src/java/jdbc/Pilates.java</file>
            <file>file:/C:/Users/tsets/Downloads/Fire_Fitness-master/Fire_Fitness-master/src/java/shoppingCart/Calculate.java</file>
            <file>file:/C:/Users/tsets/Downloads/Fire_Fitness-master/Fire_Fitness-master/src/java/shoppingCart/Invoice.java</file>
            <file>file:/C:/Users/tsets/Downloads/Fire_Fitness-master/Fire_Fitness-master/src/java/jdbc/DeleteBooking.java</file>
            <file>file:/C:/Users/tsets/Downloads/Fire_Fitness-master/Fire_Fitness-master/src/java/shoppingCart/MemberShipFee.java</file>
            <file>file:/C:/Users/tsets/Downloads/Fire_Fitness-master/Fire_Fitness-master/src/java/jdbc/Badminton.java</file>
            <file>file:/C:/Users/tsets/Downloads/Fire_Fitness-master/Fire_Fitness-master/src/java/jdbc/SportsOrGym.java</file>
            <file>file:/C:/Users/tsets/Downloads/Fire_Fitness-master/Fire_Fitness-master/src/java/jdbc/Registration.java</file>
            <file>file:/C:/Users/tsets/Downloads/Fire_Fitness-master/Fire_Fitness-master/src/java/pack/AdminLogin.java</file>
            <file>file:/C:/Users/tsets/Downloads/Fire_Fitness-master/Fire_Fitness-master/src/java/jdbc/GetBooking.java</file>
            <file>file:/C:/Users/tsets/Downloads/Fire_Fitness-master/Fire_Fitness-master/build/web/css/bootstrap.css</file>
            <file>file:/C:/Users/tsets/Downloads/Fire_Fitness-master/Fire_Fitness-master/src/java/shoppingCart/GymPayment.java</file>
            <file>file:/C:/Users/tsets/Downloads/Fire_Fitness-master/Fire_Fitness-master/src/java/shoppingCart/GymReservationTotal.java</file>
            <file>file:/C:/Users/tsets/Downloads/Fire_Fitness-master/Fire_Fitness-master/src/java/jdbc/Table_Tennis.java</file>
            <file>file:/C:/Users/tsets/Downloads/Fire_Fitness-master/Fire_Fitness-master/src/java/shoppingCart/PilateBooking.java</file>
            <file>file:/C:/Users/tsets/Downloads/Fire_Fitness-master/Fire_Fitness-master/src/java/jdbc/Gym_Workout.java</file>
            <file>file:/C:/Users/tsets/Downloads/Fire_Fitness-master/Fire_Fitness-master/build/web/Badminton.jsp</file>
            <file>file:/C:/Users/tsets/Downloads/Fire_Fitness-master/Fire_Fitness-master/src/java/jdbc/GenerateReport.java</file>
            <file>file:/C:/Users/tsets/Downloads/Fire_Fitness-master/Fire_Fitness-master/build/web/404.jsp</file>
            <file>file:/C:/Users/tsets/Downloads/Fire_Fitness-master/Fire_Fitness-master/src/java/shoppingCart/FutsalBooking.java</file>
            <file>file:/C:/Users/tsets/Downloads/Fire_Fitness-master/Fire_Fitness-master/src/java/jdbc/NoRecordFoundException.java</file>
            <file>file:/C:/Users/tsets/Downloads/Fire_Fitness-master/Fire_Fitness-master/src/java/Connection/ServerConnection.java</file>
            <file>file:/C:/Users/tsets/Downloads/Fire_Fitness-master/Fire_Fitness-master/src/java/jdbc/DBConnection.java</file>
            <file>file:/C:/Users/tsets/Downloads/Fire_Fitness-master/Fire_Fitness-master/src/java/shoppingCart/Payment.java</file>
            <file>file:/C:/Users/tsets/Downloads/Fire_Fitness-master/Fire_Fitness-master/src/java/shoppingCart/TableTennisBooking.java</file>
            <file>file:/C:/Users/tsets/Downloads/Fire_Fitness-master/Fire_Fitness-master/src/java/jdbc/Cardio.java</file>
            <file>file:/C:/Users/tsets/Downloads/Fire_Fitness-master/Fire_Fitness-master/src/java/jdbc/GetTrainer.java</file>
            <file>file:/C:/Users/tsets/Downloads/Fire_Fitness-master/Fire_Fitness-master/src/java/jdbc/Login.java</file>
            <file>file:/C:/Users/tsets/Downloads/Fire_Fitness-master/Fire_Fitness-master/src/java/Connection/CheckConnection.java</file>
            <file>file:/C:/Users/tsets/Downloads/Fire_Fitness-master/Fire_Fitness-master/src/java/jdbc/Yoga.java</file>
            <file>file:/C:/Users/tsets/Downloads/Fire_Fitness-master/Fire_Fitness-master/src/java/jdbc/MakeSchedule.java</file>
            <file>file:/C:/Users/tsets/Downloads/Fire_Fitness-master/Fire_Fitness-master/build/web/background.png</file>
        </group>
    </open-files>
</project-private>
